<?xml version="1.0" encoding="UTF-8"?>
<root>
  <item name="io.requery.android.database.sqlite.SQLiteDatabase int update(java.lang.String, int, android.content.ContentValues, java.lang.String, java.lang.Object[]) 1">
    <annotation name="androidx.annotation.IntDef">
      <val name="value" val="{io.requery.android.database.sqlite.SQLiteDatabase.CONFLICT_ABORT, io.requery.android.database.sqlite.SQLiteDatabase.CONFLICT_FAIL, io.requery.android.database.sqlite.SQLiteDatabase.CONFLICT_IGNORE, io.requery.android.database.sqlite.SQLiteDatabase.CONFLICT_NONE, io.requery.android.database.sqlite.SQLiteDatabase.CONFLICT_REPLACE, io.requery.android.database.sqlite.SQLiteDatabase.CONFLICT_ROLLBACK}" />
    </annotation>
  </item>
  <item name="io.requery.android.database.sqlite.SQLiteDatabase int updateWithOnConflict(java.lang.String, android.content.ContentValues, java.lang.String, java.lang.String[], int) 4">
    <annotation name="androidx.annotation.IntDef">
      <val name="value" val="{io.requery.android.database.sqlite.SQLiteDatabase.CONFLICT_ABORT, io.requery.android.database.sqlite.SQLiteDatabase.CONFLICT_FAIL, io.requery.android.database.sqlite.SQLiteDatabase.CONFLICT_IGNORE, io.requery.android.database.sqlite.SQLiteDatabase.CONFLICT_NONE, io.requery.android.database.sqlite.SQLiteDatabase.CONFLICT_REPLACE, io.requery.android.database.sqlite.SQLiteDatabase.CONFLICT_ROLLBACK}" />
    </annotation>
  </item>
  <item name="io.requery.android.database.sqlite.SQLiteDatabase io.requery.android.database.sqlite.SQLiteDatabase openDatabase(java.lang.String, io.requery.android.database.sqlite.SQLiteDatabase.CursorFactory, int) 2">
    <annotation name="androidx.annotation.IntDef">
      <val name="flag" val="true" />
      <val name="value" val="{io.requery.android.database.sqlite.SQLiteDatabase.OPEN_READONLY, io.requery.android.database.sqlite.SQLiteDatabase.OPEN_READWRITE, io.requery.android.database.sqlite.SQLiteDatabase.OPEN_CREATE, io.requery.android.database.sqlite.SQLiteDatabase.OPEN_URI, io.requery.android.database.sqlite.SQLiteDatabase.OPEN_NOMUTEX, io.requery.android.database.sqlite.SQLiteDatabase.OPEN_FULLMUTEX, io.requery.android.database.sqlite.SQLiteDatabase.OPEN_SHAREDCACHE, io.requery.android.database.sqlite.SQLiteDatabase.OPEN_PRIVATECACHE, io.requery.android.database.sqlite.SQLiteDatabase.CREATE_IF_NECESSARY, io.requery.android.database.sqlite.SQLiteDatabase.ENABLE_WRITE_AHEAD_LOGGING}" />
    </annotation>
  </item>
  <item name="io.requery.android.database.sqlite.SQLiteDatabase io.requery.android.database.sqlite.SQLiteDatabase openDatabase(java.lang.String, io.requery.android.database.sqlite.SQLiteDatabase.CursorFactory, int, io.requery.android.database.DatabaseErrorHandler) 2">
    <annotation name="androidx.annotation.IntDef">
      <val name="flag" val="true" />
      <val name="value" val="{io.requery.android.database.sqlite.SQLiteDatabase.OPEN_READONLY, io.requery.android.database.sqlite.SQLiteDatabase.OPEN_READWRITE, io.requery.android.database.sqlite.SQLiteDatabase.OPEN_CREATE, io.requery.android.database.sqlite.SQLiteDatabase.OPEN_URI, io.requery.android.database.sqlite.SQLiteDatabase.OPEN_NOMUTEX, io.requery.android.database.sqlite.SQLiteDatabase.OPEN_FULLMUTEX, io.requery.android.database.sqlite.SQLiteDatabase.OPEN_SHAREDCACHE, io.requery.android.database.sqlite.SQLiteDatabase.OPEN_PRIVATECACHE, io.requery.android.database.sqlite.SQLiteDatabase.CREATE_IF_NECESSARY, io.requery.android.database.sqlite.SQLiteDatabase.ENABLE_WRITE_AHEAD_LOGGING}" />
    </annotation>
  </item>
  <item name="io.requery.android.database.sqlite.SQLiteDatabase long insert(java.lang.String, int, android.content.ContentValues) 1">
    <annotation name="androidx.annotation.IntDef">
      <val name="value" val="{io.requery.android.database.sqlite.SQLiteDatabase.CONFLICT_ABORT, io.requery.android.database.sqlite.SQLiteDatabase.CONFLICT_FAIL, io.requery.android.database.sqlite.SQLiteDatabase.CONFLICT_IGNORE, io.requery.android.database.sqlite.SQLiteDatabase.CONFLICT_NONE, io.requery.android.database.sqlite.SQLiteDatabase.CONFLICT_REPLACE, io.requery.android.database.sqlite.SQLiteDatabase.CONFLICT_ROLLBACK}" />
    </annotation>
  </item>
  <item name="io.requery.android.database.sqlite.SQLiteDatabase long insertWithOnConflict(java.lang.String, java.lang.String, android.content.ContentValues, int) 3">
    <annotation name="androidx.annotation.IntDef">
      <val name="value" val="{io.requery.android.database.sqlite.SQLiteDatabase.CONFLICT_ABORT, io.requery.android.database.sqlite.SQLiteDatabase.CONFLICT_FAIL, io.requery.android.database.sqlite.SQLiteDatabase.CONFLICT_IGNORE, io.requery.android.database.sqlite.SQLiteDatabase.CONFLICT_NONE, io.requery.android.database.sqlite.SQLiteDatabase.CONFLICT_REPLACE, io.requery.android.database.sqlite.SQLiteDatabase.CONFLICT_ROLLBACK}" />
    </annotation>
  </item>
  <item name="io.requery.android.database.sqlite.SQLiteDatabase.ConflictAlgorithm">
    <annotation name="androidx.annotation.IntDef">
      <val name="value" val="{io.requery.android.database.sqlite.SQLiteDatabase.CONFLICT_ABORT, io.requery.android.database.sqlite.SQLiteDatabase.CONFLICT_FAIL, io.requery.android.database.sqlite.SQLiteDatabase.CONFLICT_IGNORE, io.requery.android.database.sqlite.SQLiteDatabase.CONFLICT_NONE, io.requery.android.database.sqlite.SQLiteDatabase.CONFLICT_REPLACE, io.requery.android.database.sqlite.SQLiteDatabase.CONFLICT_ROLLBACK}" />
    </annotation>
  </item>
  <item name="io.requery.android.database.sqlite.SQLiteDatabase.OpenFlags">
    <annotation name="androidx.annotation.IntDef">
      <val name="flag" val="true" />
      <val name="value" val="{io.requery.android.database.sqlite.SQLiteDatabase.OPEN_READONLY, io.requery.android.database.sqlite.SQLiteDatabase.OPEN_READWRITE, io.requery.android.database.sqlite.SQLiteDatabase.OPEN_CREATE, io.requery.android.database.sqlite.SQLiteDatabase.OPEN_URI, io.requery.android.database.sqlite.SQLiteDatabase.OPEN_NOMUTEX, io.requery.android.database.sqlite.SQLiteDatabase.OPEN_FULLMUTEX, io.requery.android.database.sqlite.SQLiteDatabase.OPEN_SHAREDCACHE, io.requery.android.database.sqlite.SQLiteDatabase.OPEN_PRIVATECACHE, io.requery.android.database.sqlite.SQLiteDatabase.CREATE_IF_NECESSARY, io.requery.android.database.sqlite.SQLiteDatabase.ENABLE_WRITE_AHEAD_LOGGING}" />
    </annotation>
  </item>
  <item name="io.requery.android.database.sqlite.SQLiteDatabaseConfiguration SQLiteDatabaseConfiguration(java.lang.String, int) 1">
    <annotation name="androidx.annotation.IntDef">
      <val name="flag" val="true" />
      <val name="value" val="{io.requery.android.database.sqlite.SQLiteDatabase.OPEN_READONLY, io.requery.android.database.sqlite.SQLiteDatabase.OPEN_READWRITE, io.requery.android.database.sqlite.SQLiteDatabase.OPEN_CREATE, io.requery.android.database.sqlite.SQLiteDatabase.OPEN_URI, io.requery.android.database.sqlite.SQLiteDatabase.OPEN_NOMUTEX, io.requery.android.database.sqlite.SQLiteDatabase.OPEN_FULLMUTEX, io.requery.android.database.sqlite.SQLiteDatabase.OPEN_SHAREDCACHE, io.requery.android.database.sqlite.SQLiteDatabase.OPEN_PRIVATECACHE, io.requery.android.database.sqlite.SQLiteDatabase.CREATE_IF_NECESSARY, io.requery.android.database.sqlite.SQLiteDatabase.ENABLE_WRITE_AHEAD_LOGGING}" />
    </annotation>
  </item>
  <item name="io.requery.android.database.sqlite.SQLiteDatabaseConfiguration SQLiteDatabaseConfiguration(java.lang.String, int, java.util.List&lt;io.requery.android.database.sqlite.SQLiteCustomFunction&gt;, java.util.List&lt;io.requery.android.database.sqlite.SQLiteFunction&gt;, java.util.List&lt;io.requery.android.database.sqlite.SQLiteCustomExtension&gt;) 1">
    <annotation name="androidx.annotation.IntDef">
      <val name="flag" val="true" />
      <val name="value" val="{io.requery.android.database.sqlite.SQLiteDatabase.OPEN_READONLY, io.requery.android.database.sqlite.SQLiteDatabase.OPEN_READWRITE, io.requery.android.database.sqlite.SQLiteDatabase.OPEN_CREATE, io.requery.android.database.sqlite.SQLiteDatabase.OPEN_URI, io.requery.android.database.sqlite.SQLiteDatabase.OPEN_NOMUTEX, io.requery.android.database.sqlite.SQLiteDatabase.OPEN_FULLMUTEX, io.requery.android.database.sqlite.SQLiteDatabase.OPEN_SHAREDCACHE, io.requery.android.database.sqlite.SQLiteDatabase.OPEN_PRIVATECACHE, io.requery.android.database.sqlite.SQLiteDatabase.CREATE_IF_NECESSARY, io.requery.android.database.sqlite.SQLiteDatabase.ENABLE_WRITE_AHEAD_LOGGING}" />
    </annotation>
  </item>
  <item name="io.requery.android.database.sqlite.SQLiteDatabaseConfiguration openFlags">
    <annotation name="androidx.annotation.IntDef">
      <val name="flag" val="true" />
      <val name="value" val="{io.requery.android.database.sqlite.SQLiteDatabase.OPEN_READONLY, io.requery.android.database.sqlite.SQLiteDatabase.OPEN_READWRITE, io.requery.android.database.sqlite.SQLiteDatabase.OPEN_CREATE, io.requery.android.database.sqlite.SQLiteDatabase.OPEN_URI, io.requery.android.database.sqlite.SQLiteDatabase.OPEN_NOMUTEX, io.requery.android.database.sqlite.SQLiteDatabase.OPEN_FULLMUTEX, io.requery.android.database.sqlite.SQLiteDatabase.OPEN_SHAREDCACHE, io.requery.android.database.sqlite.SQLiteDatabase.OPEN_PRIVATECACHE, io.requery.android.database.sqlite.SQLiteDatabase.CREATE_IF_NECESSARY, io.requery.android.database.sqlite.SQLiteDatabase.ENABLE_WRITE_AHEAD_LOGGING}" />
    </annotation>
  </item>
  <item name="io.requery.android.database.sqlite.SQLiteOpenHelper io.requery.android.database.sqlite.SQLiteDatabaseConfiguration createConfiguration(java.lang.String, int) 1">
    <annotation name="androidx.annotation.IntDef">
      <val name="flag" val="true" />
      <val name="value" val="{io.requery.android.database.sqlite.SQLiteDatabase.OPEN_READONLY, io.requery.android.database.sqlite.SQLiteDatabase.OPEN_READWRITE, io.requery.android.database.sqlite.SQLiteDatabase.OPEN_CREATE, io.requery.android.database.sqlite.SQLiteDatabase.OPEN_URI, io.requery.android.database.sqlite.SQLiteDatabase.OPEN_NOMUTEX, io.requery.android.database.sqlite.SQLiteDatabase.OPEN_FULLMUTEX, io.requery.android.database.sqlite.SQLiteDatabase.OPEN_SHAREDCACHE, io.requery.android.database.sqlite.SQLiteDatabase.OPEN_PRIVATECACHE, io.requery.android.database.sqlite.SQLiteDatabase.CREATE_IF_NECESSARY, io.requery.android.database.sqlite.SQLiteDatabase.ENABLE_WRITE_AHEAD_LOGGING}" />
    </annotation>
  </item>
</root>

